<?xml version="1.0" encoding="UTF-8"?>
<project-private xmlns="http://www.netbeans.org/ns/project-private/1">
    <editor-bookmarks xmlns="http://www.netbeans.org/ns/editor-bookmarks/2" lastBookmarkId="0"/>
    <open-files xmlns="http://www.netbeans.org/ns/projectui-open-files/2">
        <group>
            <file>file:/C:/Users/Alejandro%20Galindo/Desktop/Timbiriche_181388_181332_133064/timbirichePresentacion/src/Presentacion/MenuInicial.java</file>
            <file>file:/C:/Users/Alejandro%20Galindo/Desktop/Timbiriche_181388_181332_133064/timbirichePresentacion/src/Presentacion/PnlTablero.java</file>
            <file>file:/C:/Users/Alejandro%20Galindo/Desktop/Timbiriche_181388_181332_133064/timbirichePresentacion/src/Presentacion/FabricaSala.java</file>
            <file>file:/C:/Users/Alejandro%20Galindo/Desktop/Timbiriche_181388_181332_133064/timbirichePresentacion/src/Presentacion/FrmCreadorDeSala.java</file>
            <file>file:/C:/Users/Alejandro%20Galindo/Desktop/Timbiriche_181388_181332_133064/timbirichePresentacion/src/Presentacion/PnlMarcador.java</file>
            <file>file:/C:/Users/Alejandro%20Galindo/Desktop/Timbiriche_181388_181332_133064/timbirichePresentacion/src/Presentacion/FrmSala.java</file>
            <file>file:/C:/Users/Alejandro%20Galindo/Desktop/Timbiriche_181388_181332_133064/timbirichePresentacion/src/Presentacion/FormaPolygon.java</file>
        </group>
    </open-files>
</project-private>
