<?xml version="1.0" encoding="UTF-8"?>
<project-private xmlns="http://www.netbeans.org/ns/project-private/1">
    <editor-bookmarks xmlns="http://www.netbeans.org/ns/editor-bookmarks/2" lastBookmarkId="0"/>
    <open-files xmlns="http://www.netbeans.org/ns/projectui-open-files/2">
        <group>
            <file>file:/C:/Users/Alejandro%20Galindo/Desktop/Timbiriche/CodigoTimbiriche/timbiricheDominio/src/Dominio/Preferencia.java</file>
            <file>file:/C:/Users/Alejandro%20Galindo/Desktop/Timbiriche/CodigoTimbiriche/timbiricheDominio/src/Dominio/Jugador.java</file>
            <file>file:/C:/Users/Alejandro%20Galindo/Desktop/Timbiriche/CodigoTimbiriche/timbiricheDominio/src/Dominio/Cuadro.java</file>
        </group>
    </open-files>
</project-private>
