<?xml version="1.0" encoding="UTF-8"?>
<project-private xmlns="http://www.netbeans.org/ns/project-private/1">
    <editor-bookmarks xmlns="http://www.netbeans.org/ns/editor-bookmarks/2" lastBookmarkId="0"/>
    <open-files xmlns="http://www.netbeans.org/ns/projectui-open-files/2">
        <group>
            <file>file:/C:/Users/Alejandro%20Galindo/Desktop/Timbiriche_181388_181332_133064/timbiricheDominio/src/Dominio/Jugador.java</file>
            <file>file:/C:/Users/Alejandro%20Galindo/Desktop/Timbiriche_181388_181332_133064/timbiricheDominio/src/Dominio/Forma.java</file>
            <file>file:/C:/Users/Alejandro%20Galindo/Desktop/Timbiriche_181388_181332_133064/timbiricheDominio/src/Dominio/Sala.java</file>
            <file>file:/C:/Users/Alejandro%20Galindo/Desktop/Timbiriche_181388_181332_133064/timbiricheDominio/src/Dominio/Tablero.java</file>
            <file>file:/C:/Users/Alejandro%20Galindo/Desktop/Timbiriche_181388_181332_133064/timbiricheDominio/src/Dominio/Preferencia.java</file>
            <file>file:/C:/Users/Alejandro%20Galindo/Desktop/Timbiriche_181388_181332_133064/timbiricheDominio/src/Dominio/Marcador.java</file>
        </group>
    </open-files>
</project-private>
